{"name":"f24f5e56-5986-e238-0ea0-aaf3ddb18f45","id":"/providers/Microsoft.Flow/flows/f24f5e56-5986-e238-0ea0-aaf3ddb18f45","type":"Microsoft.Flow/flows","properties":{"apiId":"/providers/Microsoft.PowerApps/apis/shared_logicflows","displayName":"PowerFlow","definition":{"metadata":{"workflowEntityId":"d456e249-de6f-eb11-a812-000d3a49bd6c","flowclientsuspensionreason":"None","flowclientsuspensiontime":null,"creator":{"id":"d75a1045-873a-4986-a951-2ba9d7cb3065","type":"User","tenantId":"d0dec03f-3efb-43e1-add5-586367921c7b"},"provisioningMethod":"FromDefinition","failureAlertSubscription":true,"clientLastModifiedTime":"2021-02-16T01:10:12.7686305Z"},"$schema":"https://schema.management.azure.com/providers/Microsoft.Logic/schemas/2016-06-01/workflowdefinition.json#","contentVersion":"1.0.0.0","parameters":{"$connections":{"defaultValue":{},"type":"Object"},"$authentication":{"defaultValue":{},"type":"SecureObject"},"cdsruntimecertificate":{"type":"String"},"cdsruntimecertificatepassword":{"type":"SecureString"}},"triggers":{"manual":{"type":"Request","kind":"PowerApp","inputs":{"schema":{"type":"object","properties":{"empid_Value":{"type":"string","description":"Enter initial value","x-ms-powerflows-param-ispartial":false}},"required":["empid_Value"]}}}},"actions":{"empid":{"runAfter":{"Initialize_variable":["Succeeded"]},"type":"InitializeVariable","inputs":{"variables":[{"name":"varempid","type":"string","value":"@{triggerBody()['empid_Value']}"}]}},"List_rows":{"runAfter":{"empid":["Succeeded"]},"type":"OpenApiConnection","inputs":{"host":{"apiId":"/providers/Microsoft.PowerApps/apis/shared_commondataserviceforapps","connectionName":"shared_commondataserviceforapps","operationId":"ListRecords"},"parameters":{"entityName":"cra7d_employeeses","$filter":"cra7d_employee_id eq '@{triggerBody()['empid_Value']}'","$top":1},"authentication":"@parameters('$authentication')"}},"Initialize_variable":{"runAfter":{},"type":"InitializeVariable","inputs":{"variables":[{"name":"varaddress","type":"string"}]}},"Compose":{"runAfter":{"List_rows":["Succeeded"]},"type":"Compose","inputs":"@outputs('List_rows')?['body/value']"},"Apply_to_each":{"foreach":"@outputs('List_rows')?['body/value']","actions":{"Create_HTML_table":{"runAfter":{},"type":"Table","inputs":{"from":"@outputs('Compose')","format":"HTML","columns":[{"header":"Address","value":"@items('Apply_to_each')?['cra7d_address']"}]}},"Set_variable":{"runAfter":{"Create_HTML_table":["Succeeded"]},"type":"SetVariable","inputs":{"name":"varaddress","value":"@items('Apply_to_each')?['cra7d_address']"}}},"runAfter":{"Compose":["Succeeded"]},"type":"Foreach"},"Respond_to_a_PowerApp_or_flow":{"runAfter":{"Apply_to_each":["Succeeded"]},"type":"Response","kind":"PowerApp","inputs":{"statusCode":200,"body":{"address":"@variables('varaddress')"},"schema":{"type":"object","properties":{"address":{"title":"Address","x-ms-dynamically-added":true,"type":"string"}}}}}},"outputs":{}},"connectionReferences":{"shared_commondataserviceforapps":{"connectionName":"shared-commondataser-b4136057-1076-4191-9e2f-3149-28bf9d4c","source":"Embedded","id":"/providers/Microsoft.PowerApps/apis/shared_commondataserviceforapps","tier":"NotSpecified"}},"flowFailureAlertSubscribed":false}}