{"schemaVersion":"1.0","appDefinitionTemplate":{"id":"/providers/Microsoft.PowerApps/apps/","type":"Microsoft.PowerApps/apps","tags":{"primaryDeviceWidth":"640","primaryDeviceHeight":"1136","sienaVersion":"20210217T004648Z-3.21021.39.0","deviceCapabilities":"","supportsPortrait":"true","supportsLandscape":"false","primaryFormFactor":"Phone","publisherVersion":"3.21021.39","minimumRequiredApiVersion":"2.2.0","hasComponent":"false","hasUnlockedComponent":"false","isUnifiedRootApp":"false"},"properties":{"appVersion":"2021-02-17T00:46:48Z","lifeCycleId":"Published","createdByClientVersion":{"major":3,"minor":21021,"build":39,"revision":0,"majorRevision":0,"minorRevision":0},"minClientVersion":{"major":3,"minor":21021,"build":39,"revision":0,"majorRevision":0,"minorRevision":0},"backgroundColor":"rgba(0, 176, 240, 1)","backgroundImageUri":"/16736024906154063452/N0412b50e-3efe-4fc3-abc3-d3fdb57eedef-logoSmallFile","displayName":"Covid19 Self-Examination App","description":"Covid-19 Self-Examination, is an app that helps an organization to check up on their employees on how they are faring by filling up some few questions in the app. The app also helps the employees to know the day-to-day update of Covid-19 in the country and the world at large.","commitMessage":"","appUris":{"documentUri":{"value":"/16736024906154063452/N8fa08c2b-2818-4f1f-805b-1c4965260958-document.msapp"},"imageUris":[]},"createdTime":"0001-01-01T00:00:00Z","lastModifiedTime":"0001-01-01T00:00:00Z","sharedGroupsCount":0,"sharedUsersCount":0,"icons":{"smallIconUri":"/16736024906154063452/Ne9055cc4-9ff7-4401-ba87-5f5809817808-small.png","mediumIconUri":"/16736024906154063452/N03d97991-d632-4d04-a62b-6f35d52c8669-medium.png","largeIconUri":"/16736024906154063452/N55f09afe-e299-4941-9c58-93ea3e88fed2-large.png","wideIconUri":"/16736024906154063452/Naa67ca08-558d-4b8b-b583-487b793f2edb-wide.png"},"connectionReferences":{"15187710-49b6-438c-a8d7-5ad05c185162":{"id":"0b3735a5-189b-411b-8fba-eb03dd56ad83","displayName":"Logic flows","iconUri":"https://connectoricons-prod.azureedge.net/releases/v1.0.1438/1.0.1438.2324/logicflows/icon.png","dataSources":["PowerFlow"],"dependencies":[],"dependents":[],"parameterHints":{"workflowName":{"value":"07395f26-7b80-4a2b-93e4-6e4456eb2c2a"}},"isOnPremiseConnection":false,"bypassConsent":false,"dataSets":{},"apiTier":"Standard","isCustomApiConnection":false,"actions":["Run"]}},"databaseReferences":{"default.cds":{"databaseDetails":{"referenceType":"Environmental","environmentName":"default.cds"},"dataSources":{"Symptoms":{"entitySetName":"cra7d_symptomses","logicalName":"cra7d_symptoms"},"Employees":{"entitySetName":"cra7d_employeeses","logicalName":"cra7d_employees"}}}},"almMode":"Solution","performanceOptimizationEnabled":true,"canConsumeAppPass":true,"executionRestrictions":{"isTeamsOnly":false,"dataLossPreventionEvaluationResult":{"status":"Compliant","lastEvaluationDate":"2021-02-06T16:56:30.7122233Z","violationDetails":[]}}},"isAppComponentLibrary":false,"appType":"ClassicCanvasApp","appComponents":[]}}